name,total_return,annualized_return,volatility,sharpe_ratio
test_index,1.2495675151104626,8.47309620850667e-2,0.11015888309923014,0.6081177375035755
bond_lover,0.191853397896655,1.7741391328842004e-2,5.097108193043213e-2,0.0
everything,6.817639607138593,0.22911348520324326,0.22532478328102087,0.9380774311487162
